Lemma,Eng Gloss,POS,Level,Word source,Ex. ID,Form,Analysis,Example Sentence,Translation,Reference,Topic(s)
,,,,,,,,,,,
слово,word,N.Neut.Inan,A1,"Golosa, MIP, Лм",1,словам,Plur.Dat,"По словам директора, цена за билет на фестиваль очень низкая.","According to the director, the cost of a ticket to the festival is very low.",,"коммуникация, общество"
слово,word,N.Neut.Inan,A1,"Golosa, MIP, Лм",2,слова,Sing.Gen,Значение этого слова неизвестно.,The meaning of this word is unknown.,,"коммуникация, общество"
слово,word,N.Neut.Inan,A1,"Golosa, MIP, Лм",3,слово,Sing.Nom,В начале было слово.,In the beginning was the word.,John 1:1,"коммуникация, общество"
,,,,,,,,,,,
год,year,N.Masc.Inan,A1,"Golosa, MiP, LM, МН",1,лет,Gen.Plur,Ване двадцать пять лет.,Vanya is 25 years old.,_,"мера, время"
год,year,N.Masc.Inan,A1,"Golosa, MiP, LM, МН",2,года,Gen.Sing,Я не был в театре два года. ,I haven't been to the theatre for 2 years.,_,"мера, время"
год,year,N.Masc.Inan,A1,"Golosa, MiP, LM, МН",3,году,Loc.Sing,Я родился в 1990 году. ,I was born in 1990.,_,"мера, время"
человек,human,N.Masc.Anim,A1,"Golosa, MiP, LM, МН",1,люди,Nom.Plur,"Я не знаю, кто эти люди. ",I don't know who these people are.,_,люди
человек,human,N.Masc.Anim,A1,"Golosa, MiP, LM, МН",2,человек,Nom.Sing,Этот человек мне знаком. ,I know that person.,_,люди
человек,human,N.Masc.Anim,A1,"Golosa, MiP, LM, МН",3,человека,Gen.Sing,Я не знаю этого человека. ,I don't know that person.,_,люди
брать,take,V,A1,"Golosa, MiP, LM, МН, Поехали",1,брать,Inf,Он не любит брать деньги в долг. ,He doesn't like to borrow money.,_,"общение, магазин"
брать,take,V,A1,"Golosa, MiP, LM, МН, Поехали",2,берёт,Sing.3.Pres/Fut,Она всегда берет в магазине молоко. ,She always gets milk at the grocery store.,_,"общение, магазин"
брать,take,V,A1,"Golosa, MiP, LM, МН, Поехали",3,брали,Plur.Past,"Она не была высокой, поэтому ее не брали в баскетбольную команду. ","She wasn't tall, so she wasn't chosen for the basketball team.",_,"общение, магазин"
взять,take,V,A1,"LM, МН, Поехали",1,взять,Inf,"На улице дождь, не забудь взять зонт. ","It's raining outside, don't forget to take an umbrella.",_,"общение, магазин"
взять,take,V,A1,"LM, МН, Поехали",2,взял,Masc.Sing.Past,"Хорошо, что он взял с собой куртку. На улице холодно. ",Good that he took his coat with him. It's cold outside.,_,"общение, магазин"
взять,take,V,A1,"LM, МН, Поехали",3,взяли,Plur.Past,В Барселону мы взяли самый большой чемодан.,We took the biggest suitcase with us to Barcelona.,_,"общение, магазин"
время,time,N.Neut.Inan,A1,"Golosa, MiP, LM, МН",1,время,Acc.Sing,Я не люблю тратить время на покупки.,I don't like to spend time on shopping.,_,время
время,time,N.Neut.Inan,A1,"Golosa, MiP, LM, МН",2,времени,Gen.Sing,У меня мало свободного времени.,I don't have much free time.,_,время
время,time,N.Neut.Inan,A1,"Golosa, MiP, LM, МН",3,временем,Ins.Sing,Со временем бегать по утрам становится легче.,After a while jogging in the morning gets easier.,_,время
вопрос,question,N.Masc.Inan,A1,"Golosa, MiP, МН, Поехали",1,вопрос,Nom.Sing,"Быть или не быть, вот в чём вопрос. ","To be, or not to be, that is the question.","Hamlet's soliloquy. 'Hamlet', W. Shakespeare ",люди
вопрос,question,N.Masc.Inan,A1,"Golosa, MiP, МН, Поехали",2,вопросы,Acc.Plur,Никто не может ответить на мои вопросы. ,Nobody can answer my questions. ,_,люди
вопрос,question,N.Masc.Inan,A1,"Golosa, MiP, МН, Поехали",3,вопросов,Gen.Plur,У нас много вопросов к президенту.,We have many questions for the president.,_,люди
раз,time,N.Masc.Inan,A1,"LM, МН",1,раз,Acc.Sing,"Я помню, как увидел Эйфелеву башню в первый раз.",I remember the first time I saw the Eiffel tower.,_,"мера, время"
раз,time,N.Masc.Inan,A1,"LM, МН",2,раза,Gen.Sing,Нам повторили вопрос два раза: по-русски и по-английски. ,They repeated their question twice: in Russian and in English.,_,"мера, время"
раз,time,N.Masc.Inan,A1,"LM, МН",3,разу,Gen.Sing,Я ни разу в жизни не видела жирафа. ,I have never seen a giraffe in my life. ,_,"мера, время"
жизнь,life,N.Fem.Inan,A1,"MiP, LM, МН",1,жизни,Gen.Sing,На Марсе нет жизни.,There's no life on Mars.,_,"время, люди"
жизнь,life,N.Fem.Inan,A1,"MiP, LM, МН",2,жизнь,Acc.Sing,Расскажите мне про свою жизнь в Америке!,Tell me about your life in America!,_,"время, люди"
жизнь,life,N.Fem.Inan,A1,"MiP, LM, МН",3,жизнью,Ins.Sing,Я доволен своей жизнью.,I am satisfied with my life.,_,"время, люди"
работа,work,N.Fem.Inan,A1,"Golosa, MiP, LM, МН",1,работы,Gen.Sing,Сейчас у меня нет работы.,I don't have a job now.,_,учеба/работа
работа,work,N.Fem.Inan,A1,"Golosa, MiP, LM, МН",2,работу,Acc.Sing,Она ищет работу через интернет. ,She is looking for a job on the internet.,_,учеба/работа
работа,work,N.Fem.Inan,A1,"Golosa, MiP, LM, МН",3,работа,Nom.Sing,Моя работа мне не нравится.,I don't like my job.,_,учеба/работа
видеть,see,V,A1,"Golosa, MiP, LM, МН, Поехали",1,видел,Masc.Sing.Past,Он видел Тауэрский мост. ,He saw the Tower bridge.,_,внутренний мир
видеть,see,V,A1,"Golosa, MiP, LM, МН, Поехали",2,вижу,Sing.1.Pres/Fut,Я не вижу звезд. Слишком светло. ,I don't see the stars. It's too bright.,_,внутренний мир
видеть,see,V,A1,"Golosa, MiP, LM, МН, Поехали",3,видеть,Inf,Очки помогают людям видеть.,Glasses help people to see.,_,внутренний мир
день,day,N.Masc.Inan,A1,"MiP, LM, МН",1,день,Acc.Sing,Это лекарство следует принимать два раза в день. ,You should take this medicine twice a day. ,_,"мера, время"
день,day,N.Masc.Inan,A1,"MiP, LM, МН",2,дня,Gen.Sing,Через три дня у нас экзамен. Надо готовиться!,We have an exam in three days. We need to study!,_,"мера, время"
день,day,N.Masc.Inan,A1,"MiP, LM, МН",3,дней,Gen.Plur,Нас не будет в городе несколько дней. ,We won't be in the city for several days.,_,"мера, время"
ребенок,child,N.Masc.Anim,A1,"LM, МН",1,детей,Gen.Plur,В нашей семье двое детей. ,There are two children in our family.,_,"люди, здоровье"
ребенок,child,N.Masc.Anim,A1,"LM, МН",2,дети,Nom.Plur,Почему многие дети любят конфеты и не любят брокколи?,Why is it many children like sweets and don't like broccoli?,_,"люди, здоровье"
ребенок,child,N.Masc.Anim,A1,"LM, МН",3,ребёнка,Gen.Sing,Я не могу найти своего ребенка в толпе!,I can't find my child in the crowd!,_,"люди, здоровье"
страна,country,N.Fem.Inan,A1,"Golosa, MiP, МН",1,страны,Gen.Sing,Я не собираюсь уезжать из своей страны. ,I don't plan to leave my country.,_,"люди, путешествие"
страна,country,N.Fem.Inan,A1,"Golosa, MiP, МН",2,стране,Loc.Sing,В нашей стране много нефти. ,There is a lot of oil in our country.,_,"люди, путешествие"
страна,country,N.Fem.Inan,A1,"Golosa, MiP, МН",3,стран,Gen.Plur,Люди из разных стран приехали в Россию на чемпионат мира по футболу.,People from different countries came to Russia to watch the World Cup.,_,"люди, путешествие"
другой,other,N.Masc.Anim,A1,"Golosa, MiP, LM, МН",1,других,Acc.Plur,"Этих собак мы уже видели, покажите нам других. ","We already saw these dogs, show us the others.",_,_
другой,other,N.Masc.Anim,A1,"Golosa, MiP, LM, МН",2,другому,Dat.Sing,Прочитал книгу — передай ее другому.,"After you finish a book, pass it to another person.",_,_
другой,other,A,A1,"Golosa, MiP, LM, МН",3,другом,Loc.Masc.Sing,"Здесь хлеб стоит пятьдесят рублей, а в другом магазине — сорок.","Bread here costs 50 roubles, and in another shop it costs 40 roubles.",_,_
мир,world,N.Masc.Inan,A1,"LM, МН",1,мира,Gen.Sing,Этот человек был из другого мира. ,This person was from a different world.,_,"люди, путешествие"
мир,world,N.Masc.Inan,A1,"LM, МН",2,мире,Loc.Sing,"В мире животных не существует чувств, а есть только инстинкты.","There are no feelings in the animal world, only instincts.",_,"люди, путешествие"
мир,world,N.Masc.Inan,A1,"LM, МН",3,мир,Nom.Sing,С появлением интернета мир значительно изменился.,The world changed radically with the invention of the internet.,_,"люди, путешествие"
новый,new,A,A1,"Golosa, MiP, LM, МН",1,новых,Gen.Plur,Нам на кухне не хватает новых полотенец.,There aren’t enough new towels in the kitchen.,_,время
новый,new,A,A1,"Golosa, MiP, LM, МН",2,новые,Nom.Plur,В нашем университете в этом году появились новые факультеты.,There are new academic departments at our university this year.,_,время
новый,new,A,A1,"Golosa, MiP, LM, МН",3,новый,Nom.Masc.Sing,Теперь историю у нас будет вести новый преподаватель.,History now will be taught by a new teacher.,_,время
место,place,N.Neut.Inan,A1,"Golosa, MiP, LM, МН",1,место,Acc.Sing,"Он соглашался работать по выходным, потому что боялся потерять место в хорошей компании.",He agreed to work on weekends because he was afraid of losing his position in a good company.,_,путешествие
место,place,N.Neut.Inan,A1,"Golosa, MiP, LM, МН",2,месте,Loc.Sing,Я всегда плохо сплю на новом месте., ,_,путешествие
место,place,N.Neut.Inan,A1,"Golosa, MiP, LM, МН",3,места,Gen.Sing,"Я не мог сдвинуть шкаф с места, такой он был тяжелый!","I couldn't move the wardrobe, it was so heavy.",_,путешествие
рука,hand/arm,N.Fem.Inan,A1,"MiP, LM, МН, Кс",1,руку,Acc.Sing,Дай мне руку! Я не могу подняться.,Give me a hand! I can't stand up.,_,"люди, здоровье"
рука,hand/arm,N.Fem.Inan,A1,"MiP, LM, МН, Кс",2,руки,Acc.Plur,"Возьмите друг друга за руки, мы будем танцевать!","Take each other's hands, we will dance!",_,"люди, здоровье"
рука,hand/arm,N.Fem.Inan,A1,"MiP, LM, МН, Кс",3,руках,Loc.Plur,"Когда я его увидел, он держал в руках маленького котенка.","When I saw him, he was holding a little kitten in his hands.",_,"люди, здоровье"
встречать,meet,V,A1,"MiP, LM, МН",1,встречать,Inf,Я часто езжу в аэропорт встречать своих друзей.,I often go to the airport to pick up my friends.,_,"люди, общение"
встречать,meet,V,A1,"MiP, LM, МН",2,встречал,Masc.Sing.Past,Я никогда не встречал никого красивее тебя.,I have never met anyone more beautiful than you.,_,"люди, общение"
встречать,meet,V,A1,"MiP, LM, МН",3,встречали,Plur.Past,По дороге домой мы часто встречали Петю.,We often met Petya on our way home.,_,"люди, общение"
хороший,good,A,A1,"Golosa, MiP, LM, МН",1,лучше,Comp,"Маша готовит лучше, чем Ваня.",Masha cooks better than Vanya.,_,описание
хороший,good,A,A1,"Golosa, MiP, LM, МН",2,хорошо,Neut.Sing,Он хорошо поет.,He sings well.,_,описание
хороший,good,A,A1,"Golosa, MiP, LM, МН",3,хороший,Nom.Masc.Sing,Вася — хороший друг.,Vasya is a good friend.,_,описание
слово,word,N.Neut.Inan,A1,"Golosa, MiP, LM, МН",1,слово,Nom.Sing,В начале было слово.,In the beginning was the word.,John 1:1,"люди, общение"
слово,word,N.Neut.Inan,A1,"Golosa, MiP, LM, МН",2,слова,Gen.Sing,Значение этого слова неизвестно.,The meaning of this word is unknown.,_,"люди, общение"
слово,word,N.Neut.Inan,A1,"Golosa, MiP, LM, МН",3,слов,Gen.Plur,Это так красиво! У меня нет слов!,It's so beautiful! I have no words!,_,"люди, общение"
дом,house/home,N.Masc.Inan,A1,"Golosa, MiP, LM, МН",1,дома,Gen.Sing,"Я уже вышел из дома, когда вспомнил, что не взял зонтик. Пришлось возвращаться!","I had already left my house, when I remembered that I didn't take an umbrella. I had to go back for it.",_,"люди, жилье"
дом,house/home,N.Masc.Inan,A1,"Golosa, MiP, LM, МН",2,доме,Loc.Sing,Мы купили квартиру в этом доме.,We bought an apartment in this building.,_,"люди, жилье"
дом,house/home,N.Masc.Inan,A1,"Golosa, MiP, LM, МН",3,дом,Nom.Sing,Мой дом — моя крепость.,My house is my castle.,_,"люди, жилье"
школа,school,N.Fem.Inan,A1,"Golosa, MiP, LM, МН",1,школе,Loc.Sing,В нашей школе 800 учеников.,There are 800 students in our school.,_,"люди, учеба/работа"
школа,school,N.Fem.Inan,A1,"Golosa, MiP, LM, МН",2,школу,Acc.Sing,Я люблю свою школу.,I love my school.,_,"люди, учеба/работа"
школа,school,N.Fem.Inan,A1,"Golosa, MiP, LM, МН",3,школы,Gen.Sing,После школы я поступила в университет.,After finishing school I entered university.,_,"люди, учеба/работа"
женщина,woman,N.Fem.Anim,A1,"Golosa, MiP, LM, МН",1,женщина,Nom.Sing,Кто эта женщина?,Who is that woman?,_,люди
женщина,woman,N.Fem.Anim,A1,"Golosa, MiP, LM, МН",2,женщины,Nom.Plur,Эти женщины — мои учителя.,These women are my teachers.,_,люди
женщина,woman,N.Fem.Anim,A1,"Golosa, MiP, LM, МН",3,женщин,Gen.Plur,В Иране есть вагоны метро только для женщин.,"There are special ""women only"" cars in the Iranian metro.",_,люди
нужный,_,A,A1,МН,1,нужно,Neut.Sing,Высшее образование ему не нужно.,He doesn't need higher education.,_,"внутренний мир, учеба/работа"
нужный,_,A,A1,МН,2,нужна,Fem.Sing,"Мне нужна вода, здесь очень жарко.",I need water -- it's too hot here.,_,"внутренний мир, учеба/работа"
нужный,_,A,A1,МН,3,нужны,Plur,Мне не нужны проблемы.,I don't need any problems.,_,"внутренний мир, учеба/работа"
проблема,problem,N.Fem.Inan,A1,"MiP, LM, МН",1,проблема,Nom.Sing,Глобальное потепление — проблема для всего мира.,Global warming is a problem for the whole world.,_,"люди, здоровье"
проблема,problem,N.Fem.Inan,A1,"MiP, LM, МН",2,проблем,Gen.Plur,У меня на работе много проблем.,I have many problems at work.,_,"люди, здоровье"
проблема,problem,N.Fem.Inan,A1,"MiP, LM, МН",3,проблемы,Nom.Plur,Проблемы других его не интересуют.,The problems of others don't interest him.,_,"люди, здоровье"
друг,friend,N.Masc.Anim,A1,"Golosa, MiP, LM, МН",1,друг,Nom.Sing,Вася — мой лучший друг.,Vasya is my best friend.,_,люди
друг,friend,N.Masc.Anim,A1,"Golosa, MiP, LM, МН",2,друзья,Nom.Plur,Мои друзья — моё богатство.,My friends are my treasure.,_,люди
друг,friend,N.Masc.Anim,A1,"Golosa, MiP, LM, МН",3,друзей,Gen.Plur,"Не имей сто рублей, а имей сто друзей.",It's better to have 100 friends than 100 roubles.,_,люди
лицо,face/person,N.Neut.Inan,A1,МН,1,лицо,Acc.Sing,Летом важно защищать лицо от солнца.,It's important to to protect your face from sun during summer.,_,"люди, здоровье, учеба/работа"
лицо,face/person,N.Neut.Inan,A1,МН,2,лицом,Ins.Sing,Они объединились перед лицом опасности. ,They united in the face of danger.,_,"люди, здоровье, учеба/работа"
лицо,face/person,N.Neut.Inan,A1,МН,3,лица,Gen.Sing,На переговорах с новыми партнерами я должен был говорить от лица всей нашей компании.,I had to talk with our new partners at the meeting on behalf of our company.,_,"люди, здоровье, учеба/работа"
деньги,money,N.Inan,A1,"Golosa, MiP, LM, МН",1,деньги,Acc.Plur,"Я забыл дома деньги, придется возвращаться.",I forgot my money at home so I have to go back.,_,"люди, учеба/работа"
деньги,money,N.Inan,A1,"Golosa, MiP, LM, МН",2,денег,Gen.Plur,У меня нет денег на машину.,I don't have money to buy a car.,_,"люди, учеба/работа"
деньги,money,N.Inan,A1,"Golosa, MiP, LM, МН",3,деньгами,Ins.Plur,В этом магазине можно расплатиться только наличными деньгами.,You can only pay in cash in this shop.,_,"люди, учеба/работа"
фильм,film,N.Masc.Inan,A1,"MiP, LM, МН",1,фильм,Nom.Sing,Этот фильм вышел в 2010 году.,This film was made in 2010.,_,свободное время
фильм,film,N.Masc.Inan,A1,"MiP, LM, МН",2,фильма,Gen.Sing,Режиссер этого фильма — Джэймс Кэмерон.,James Cameron is the director of this film.,_,свободное время
фильм,film,N.Masc.Inan,A1,"MiP, LM, МН",3,фильме,Loc.Sing,В этом фильме снималась Джулия Робертс.,Julia Roberts starred in this film. ,_,свободное время
город,city/town,N.Masc.Inan,A1,"Golosa, MiP, LM, МН",1,городе,Loc.Sing,В этом городе всего два кинотеатра.,There are only two cinemas in this town.,_,"люди, путешествие"
город,city/town,N.Masc.Inan,A1,"Golosa, MiP, LM, МН",2,города,Gen.Sing,"Выпало много снега, поэтому мы долго не могли выехать из города.","There was a lot of snow, so it took us long to get out of the city.",_,"люди, путешествие"
город,city/town,N.Masc.Inan,A1,"Golosa, MiP, LM, МН",3,город,Nom.Sing,Москва — мой любимый город!,Moscow is my favorite city.,_,"люди, путешествие"
часть,part,N.Fem.Inan,A1,"MiP, МН",1,часть,Nom.Sing,Общение — важная часть нашей жизни.,Communication is an important part of our life.,_,мера
часть,part,N.Fem.Inan,A1,"MiP, МН",2,части,Gen.Sing,Я еще не видел второй части этого фильма.,I haven't seen the second part of this film yet.,_,мера
часть,part,N.Fem.Inan,A1,"MiP, МН",3,частью,Ins.Sing,Спорт стал частью моей жизни.,Sport became a part of my life.,_,мера
глаз,eye,N.Masc.Inan,A1,"MiP, LM, МН",1,глаза,Acc.Plur,"Когда врешь, сложно смотреть людям в глаза.","When you are lying, it's difficult to look people in the eyes.",_,"люди, здоровье"
глаз,eye,N.Masc.Inan,A1,"MiP, LM, МН",2,глазами,Ins.Plur,Неправда! Я видел это своими глазами!,That's not true! I saw it with my own eyes!,_,"люди, здоровье"
глаз,eye,N.Masc.Inan,A1,"MiP, LM, МН",3,глазах,Loc.Plur,В ее глазах я видел грусть.,I saw sadness in her eyes.,_,"люди, здоровье"
большой,big,A,A1,"Golosa, MiP, LM, МН, Поехали",1,большая,Nom.Fem.Sing,У меня большая проблема: я не успеваю в аэропорт!,I have a big problem: I can't get to the airport on time.,_,мера
большой,big,A,A1,"Golosa, MiP, LM, МН, Поехали",2,большой,Nom.Masc.Sing,Большой брат следит за тобой.,Big brother is watching you.,"G. Orwell ""1984""",мера
большой,big,A,A1,"Golosa, MiP, LM, МН, Поехали",3,больше,Comp,Арбуз больше яблока.,A watermelon is bigger than an apple.,_,мера
конец,end,N.Masc.Inan,A1,МН,1,конце,Loc.Sing,В конце ужина нам подавали десерт.,Dessert was served at the end of the dinner.,_,мера
конец,end,N.Masc.Inan,A1,МН,2,конца,Gen.Sing,Я больше не буду путешествовать с Катей: она без конца ноет!,I will never travel with Katya again: she whines endlessly!,_,мера
конец,end,N.Masc.Inan,A1,МН,3,концов,Gen.Plur,Поможет мне кто-нибудь в конце концов?!,Will anybody help me finally?!,_,мера
голова,head,N.Fem.Inan,A1,"MiP, LM, МН, Кс",1,голову,Acc.Sing,Мне в голову пришла великолепная идея.,A great idea came to my mind.,_,"люди, здоровье"
голова,head,N.Fem.Inan,A1,"MiP, LM, МН, Кс",2,головой,Ins.Sing,Он покачал головой в знак неодобрения.,He shook his head as a sign of disapproval.,_,"люди, здоровье"
голова,head,N.Fem.Inan,A1,"MiP, LM, МН, Кс",3,голове,Loc.Sing,Тревожные мысли в голове мешали мне спать.,Upsetting thoughts in my head didn't let me sleep.,_,"люди, здоровье"
язык,language/tongue,N.Masc.Inan,A1,"Golosa, MiP, LM, МН",1,языка,Gen.Sing,Я хожу на курсы русского языка. Мне нравится.,I go to Russian language courses. I like it.,_,"люди, путешествие, здоровье"
язык,language/tongue,N.Masc.Inan,A1,"Golosa, MiP, LM, МН",2,языке,Loc.Sing,"В русском языке существительные трех родов: мужского, женского и среднего.","There are nouns of three genders in Russian: masculine, feminine and neuter.",_,"люди, путешествие, здоровье"
язык,language/tongue,N.Masc.Inan,A1,"Golosa, MiP, LM, МН",3,язык,Nom.Sing,Русский язык — официальный язык Российской Федерации.,Russian is the official language of Russian Federation.,_,"люди, путешествие, здоровье"
форма,form,N.Fem.Inan,A1,"LM, МН",1,форме,Loc.Sing,"Перед нами стоял человек в форме, но мы не сразу поняли, что это полицейский.",There was a man in uniform in front of us but it took us time to realize that he was a policeman.,_,мера
форма,form,N.Fem.Inan,A1,"LM, МН",2,форм,Gen.Plur,В путешествии по Мексике я видел кактусы удивительных форм.,While traveling in Mexico I saw cactuses of strange forms.,_,мера
форма,form,N.Fem.Inan,A1,"LM, МН",3,форма,Nom.Sing,"Мне не нравится форма, в которой это написано.",I don't like the form in which it's written. ,_,мера
число,number/amount,N.Neut.Inan,A1,"MiP, МН",1,числе,Loc.Sing,Прилагательное «большие» стоит во множественном числе.,The adjective «большие» is a plural form.,_,"мера, время"
число,number/amount,N.Neut.Inan,A1,"MiP, МН",2,число,Nom.Sing,"Число Пи равно 3,1415. ",The number Pi equals 3.1415.,_,"мера, время"
число,number/amount,N.Neut.Inan,A1,"MiP, МН",3,числа,Gen.Sing,"Он был из числа тех людей, которые постоянно опаздывают.",He was among those people who are always late.,_,"мера, время"
вода,water,N.Fem.Inan,A1,"Golosa, MiP, LM, МН",1,воды,Gen.Sing,У нас дома уже две недели нет горячей воды.,We haven’t had hot water at home for 2 weeks already.,_,еда
вода,water,N.Fem.Inan,A1,"Golosa, MiP, LM, МН",2,воду,Acc.Sing,Я не пью воду с газом.,I don't drink sparkling water.,_,еда
вода,water,N.Fem.Inan,A1,"Golosa, MiP, LM, МН",3,водой,Ins.Sing,Без маски или акваланга человек не может дышать под водой.,A human being can't breathe underwater without a mask or scuba gear.,_,еда
говорить,talk/speak,V,A1,"Golosa, MiP, LM, МН",1,говорит,Sing.3.Pres/Fut,Он говорит слишком быстро.,He speaks too fast.,_,"люди, общение"
говорить,talk/speak,V,A1,"Golosa, MiP, LM, МН",2,говорить,Inf,Я не хочу говорить об этом.,I don't want to talk about it.,_,"люди, общение"
говорить,talk/speak,V,A1,"Golosa, MiP, LM, МН",3,говорю,Sing.1.Pres/Fut,"Я всегда говорю, что думаю.",I always say what I think.,_,"люди, общение"
гулять,walk,V,A1,"MiP, LM, МН",1,гулять,Inf,Я люблю гулять по Москве.,I like walking around Moscow.,_,свободное время
гулять,walk,V,A1,"MiP, LM, МН",2,гуляют,Plur.3.Pres/Fut,Современные дети мало гуляют.,Today’s children walk little.,_,свободное время
гулять,walk,V,A1,"MiP, LM, МН",3,гулял,Masc.Sing.Past,"Я часто гулял в этом лесу, когда приезжал к бабушке.",I often walked in that forest when I came to visit my grandma.,_,свободное время
группа,group,N.Fem.Inan,A1,"Golosa, MiP, МН",1,группы,Gen.Sing,Только три человека из группы сдали экзамен.,Only three people in our group passed the exam.,_,"люди, мера"
группа,group,N.Fem.Inan,A1,"Golosa, MiP, МН",2,группа,Nom.Sing,У меня четвертая группа крови.,My blood type is AB.,_,"люди, мера"
группа,group,N.Fem.Inan,A1,"Golosa, MiP, МН",3,групп,Gen.Plur,Для работы над проектом мы разделились на пять групп.,We divided into five groups to work on the project.,_,"люди, мера"
общий,common,A,A1,"LM, МН",1,общего,Gen.Neut.Sing,Ради общего дела я готова поработать в выходные.,I am ready to work during the weekend to acheive our goal.,_,люди
общий,common,A,A1,"LM, МН",2,общем,Loc.Neut.Sing,"Семья есть, работа есть, в общем, пока меня всё устраивает.","I have a family and work. Generally, I'm happy with everything.",_,люди
общий,common,A,A1,"LM, МН",3,общей,Gen.Fem.Sing,Это событие - часть нашей общей истории. ,This event is a part of our common history.,_,люди
история,history,N.Fem.Inan,A1,"Golosa, MiP, МН",1,история,Nom.Sing,История древнего мира — мой любимый предмет в университете.,Ancient history is my favorite subject at the university.,_,"время, учеба/работа"
история,history,N.Fem.Inan,A1,"Golosa, MiP, МН",2,истории,Gen.Sing,Без изучения истории у людей нет будущего.,Without learning history people have no future.,_,"время, учеба/работа"
история,history,N.Fem.Inan,A1,"Golosa, MiP, МН",3,историю,Acc.Sing,Я изучаю историю России.,I study Russian history.,_,"время, учеба/работа"
давать,give,V,A1,"MiP, LM, МН",1,даёт,Sing.3.Pres/Fut,Мама дает ребенку игрушку.,The mom gives a toy to her child.,_,"общение, магазин"
давать,give,V,A1,"MiP, LM, МН",2,дают,Plur.3.Pres/Fut,Дети шумят и не дают мне работать.,"Childeren are noisy, they don't let me work. ",_,"общение, магазин"
давать,give,V,A1,"MiP, LM, МН",3,давать,Inf,Хороший психолог не станет давать советов.,A good psychologist will never give advice.,_,"общение, магазин"
программа,proram,N.Fem.Inan,A1,"MiP, LM, МН",1,программы,Gen.Sing,У меня на компьютере нет хорошей программы для обработки фото.,I don't have a good program on my computer for editing photos.,_,"учеба/работа, свободное время"
программа,proram,N.Fem.Inan,A1,"MiP, LM, МН",2,программа,Nom.Sing,Это моя любимая программа по телевизору.,This is my favorite TV show.,_,"учеба/работа, свободное время"
программа,proram,N.Fem.Inan,A1,"MiP, LM, МН",3,программ,Gen.Plur,На моем компьютере нет программ для обработки видео.,I don't have programs for editing videos on my computer.,_,"учеба/работа, свободное время"
дарить,_,V,A1,"Golosa, MiP, LM, МН",1,дарить,Inf,На день рождения принято дарить подарки.,It is customary to give birthday presents.,_,люди
дарить,_,V,A1,"Golosa, MiP, LM, МН",2,дарит,Sing.3.Pres/Fut,Дед Мороз дарит детям подарки на Новый год.,Santa Claus gives children presents on New Year's Eve.,_,люди
дарить,_,V,A1,"Golosa, MiP, LM, МН",3,дарят,Plur.3.Pres/Fut,"Я не люблю, когда мне дарят цветы.",I don't like it when people give me flowers.,_,люди
российский,Russian,A,A1,"Golosa, MiP, LM, МН",1,российской,Gen.Fem.Sing,"Цвета флага Российской Федерации — белый, синий и красный.","The colors of the Russian flag are white, blue and red.",_,"люди, путешествие, политика"
российский,Russian,A,A1,"Golosa, MiP, LM, МН",2,российских,Gen.Plur,В российских школах учатся 11 лет.,People study in Russian schools for 11 years.,_,"люди, путешествие, политика"
российский,Russian,A,A1,"Golosa, MiP, LM, МН",3,российского,Gen.Masc.Sing,У него нет российского паспорта.,He doesn't have a Russian passport.,_,"люди, путешествие, политика"
час,hour,N.Masc.Inan,A1,"Golosa, MiP, LM, МН",1,часов,Gen.Plur,Я сегодня спал 10 часов!,I slept for 10 hours today!,_,"мера, время"
час,hour,N.Masc.Inan,A1,"Golosa, MiP, LM, МН",2,часа,Gen.Sing,В два часа у нас встреча с новым клиентом.,I have a meeting with a new client at two o’clock.,_,"мера, время"
час,hour,N.Masc.Inan,A1,"Golosa, MiP, LM, МН",3,час,Acc.Sing,Мы вернемся через час.,We'll be back in an hour.,_,"мера, время"
русский,Russian,A,A1,"LM, МН",1,русской,Gen.Fem.Sing,XIX век — «золотой» век русской литературы.,"The 19th century is the ""golden"" era of Russian literature.",_,"люди, путешествие, политика"
русский,Russian,A,A1,"LM, МН",2,русского,Gen.Masc.Sing,Мы идем на выставку русского авангарда в Третьяковскую галерею.,We are going to the exhibition of Russian avant-garde art at the Tretyakov gallery.,_,"люди, путешествие, политика"
русский,Russian,A,A1,"LM, МН",3,русском,Loc.Masc.Sing,"В русском языке существительные трех родов: мужского, женского и среднего.","There are nouns of three genders in Russian: masculine, feminine and neuter.",_,"люди, путешествие, политика"
мужчина,man,N.Masc.Anim,A1,"Golosa, MiP, LM, МН",1,мужчина,Nom.Sing,Этот мужчина мне не знаком.,I don't know that man.,_,люди
мужчина,man,N.Masc.Anim,A1,"Golosa, MiP, LM, МН",2,мужчин,Gen.Plur,В нашей школе нет мужчин среди преподавателей.,There are no men among the teachers at our school.,_,люди
мужчина,man,N.Masc.Anim,A1,"Golosa, MiP, LM, МН",3,муж,Nom.Sing,"Знакомьтесь, это мой муж.",Let me introduce you my husband.,_,люди
книга,book,N.Fem.Inan,A1,"Golosa, MiP, LM, МН",1,книгу,Acc.Sing,Я купила новую книгу Акунина.,I bought a new book by Akunin.,_,"учеба/работа, свободное время"
книга,book,N.Fem.Inan,A1,"Golosa, MiP, LM, МН",2,книга,Nom.Sing,Эта книга мне не нравится.,I don't like that book.,_,"учеба/работа, свободное время"
книга,book,N.Fem.Inan,A1,"Golosa, MiP, LM, МН",3,книге,Loc.Sing,В этой книге много ошибок.,There are many mistakes in this book.,_,"учеба/работа, свободное время"
высокий,high/tall,A,A1,"Golosa, MiP, МН",1,выше,Comp,Бурдж Дубаи выше Эйфелевой башни.,Burj Dubai is taller than the Eiffel tower.,_,мера
высокий,high/tall,A,A1,"Golosa, MiP, МН",2,высокий,Nom.Masc.Sing,У него высокий голос. ,He has a high voice.,_,мера
высокий,high/tall,A,A1,"Golosa, MiP, МН",3,высокой,Ins.Fem.Sing,Я не пришла на работу из-за высокой температуры.,I didn't come to work because of high fever.,_,мера
известный,famous,A,A1,"MiP, МН",1,известно,Neut.Sing,Это здание известно на весь мир.,This building is famous worldwide.,_,люди
известный,famous,A,A1,"MiP, МН",2,известных,Gen.Plur,Здесь много известных людей. ,There are many famous people here.,_,люди
известный,famous,A,A1,"MiP, МН",3,известные,Nom.Plur,Известные актеры приняли участие в благотворительном марафоне. ,Famous actors took part in a charity marathon.,_,люди
нога,leg/foot,N.Fem.Inan,A1,"MiP, МН",1,ноги,Acc.Plur,Впереди яма! Смотри под ноги!,There's a gap! Mind your feet!,_,"люди, здоровье"
нога,leg/foot,N.Fem.Inan,A1,"MiP, МН",2,ногами,Ins.Plur,"В футбол играют ногами, а в баскетбол — руками.","Football is played with the feet, basketball is played with the hands.",_,"люди, здоровье"
нога,leg/foot,N.Fem.Inan,A1,"MiP, МН",3,ногу,Acc.Sing,Она упала и сломала правую ногу.,She fell and broke her right leg.,_,"люди, здоровье"
делать,do/make,V,A1,"Golosa, MiP, LM, МН",1,делать,Inf,"Что делать, если болит зуб?",What should you do if you have a toothache?,_,"свободное время, учеба/работа"
делать,do/make,V,A1,"Golosa, MiP, LM, МН",2,делает,Sing.3.Pres/Fut,Он целыми днями сидит дома и ничего не делает!,All day long he just sits at home doing nothing!,_,"свободное время, учеба/работа"
делать,do/make,V,A1,"Golosa, MiP, LM, МН",3,делают,Plur.3.Pres/Fut,"Из молока делают сметану, масло, йогурт и творог.","Sour cream, butter, yoghurt and cottage cheese are made from milk.",_,"свободное время, учеба/работа"
думать,think,V,A1,"Golosa, MiP, LM, МН",1,думаю,Sing.1.Pres/Fut,"Я не думаю, что это хорошая идея.",I don’t think it’s a good idea.,_,"внутренний мир, учеба/работа"
думать,think,V,A1,"Golosa, MiP, LM, МН",2,думал,Masc.Sing.Past,"Когда Вася был маленьким, он думал, что столица США — Нью-Йорк.",When Vasya was little he used to think that New York is the capital of the USA.,_,"внутренний мир, учеба/работа"
думать,think,V,A1,"Golosa, MiP, LM, МН",3,думать,Inf,"Я не хочу сейчас об этом думать, я хочу спать!","I don't want to think about it now, I want to sleep!",_,"внутренний мир, учеба/работа"
образование,education,N.Neut.Inan,A1,"Golosa, MiP, МН",1,образования,Gen.Sing,Маша работает в министерстве образования.,Masha works in the ministry of education.,_,учеба/работа
образование,education,N.Neut.Inan,A1,"Golosa, MiP, МН",2,образование,Acc.Sing,Я получила высшее образование в Москве. А вы?,I got my higher education in Moscow. And you?,_,учеба/работа
образование,education,N.Neut.Inan,A1,"Golosa, MiP, МН",3,образованием,Ins.Sing,Кем можно работать с образованием философа?,What job can you get with a degree in philosophy?,_,учеба/работа
семья,family,N.Fem.Inan,A1,"Golosa, MiP, LM, МН",1,семьи,Gen.Sing,Это вам подарок от нашей семьи.,This is a gift to you from our family.,_,люди
семья,family,N.Fem.Inan,A1,"Golosa, MiP, LM, МН",2,семье,Loc.Sing,Он родился в большой семье.,He was born into a big family.,_,люди
семья,family,N.Fem.Inan,A1,"Golosa, MiP, LM, МН",3,семья,Nom.Sing,"Наша семья не очень большая: мама, папа, моя сестра и я.","Our family is not very big: mom, dad, my sister and me.",_,люди
качество,quality,N.Neut.Inan,A1,"Golosa, MiP, МН",1,качестве,Loc.Sing,Эти фотографии можно повесить на стену в качестве украшения.,You can put these photos on the wall as a decoration.,_,"мера, описание"
качество,quality,N.Neut.Inan,A1,"Golosa, MiP, МН",2,качества,Gen.Sing,"Я купила дорогие кроссовки, но они оказались плохого качества.",I bought expensive sneakers but they turned out to be of bad quality.,_,"мера, описание"
качество,quality,N.Neut.Inan,A1,"Golosa, MiP, МН",3,качество,Nom.Sing,Честность — мое любимое качество в людях.,Honesty is my favorite quality in people.,_,"мера, описание"
рубль,rouble,N.Masc.Inan,A1,"Golosa, MiP, LM, МН",1,рублей,Gen.Plur,Молоко стоит 50 рублей.,Milk costs 50 roubles.,_,"мера, учеба/работа"
рубль,rouble,N.Masc.Inan,A1,"Golosa, MiP, LM, МН",2,рубля,Gen.Sing,Цена этого хлеба — 44 рубля.,The price of this bread is 44 roubles.,_,"мера, учеба/работа"
рубль,rouble,N.Masc.Inan,A1,"Golosa, MiP, LM, МН",3,руб,Gen.Plur,_,_,_,"мера, учеба/работа"
ездить,go/drive,V,A1,"Golosa, MiP, МН, Кс",1,ездил,Masc.Sing.Past,На прошлой неделе он ездил в Санкт-Петербург.,Last week he went to Saint Petersburg.,_,путешествие
ездить,go/drive,V,A1,"Golosa, MiP, МН, Кс",2,ездить,Inf,До работы мне приходится ездить на метро.,I have to use the metro to get to work.,_,путешествие
ездить,go/drive,V,A1,"Golosa, MiP, МН, Кс",3,ездили,Plur.Past,В прошлом году мы ездили во Францию.,Last year we went to France.,_,путешествие
квартира,apartment,N.Fem.Inan,A1,"Golosa, MiP, LM, МН",1,квартире,Loc.Sing,В моей квартире 3 комнаты.,There are 3 bedrooms in my apartment.,_,"люди, жилье"
квартира,apartment,N.Fem.Inan,A1,"Golosa, MiP, LM, МН",2,квартиру,Acc.Sing,Я ищу квартиру в центре Москвы.,I am looking for an apartment in the centre of Moscow.,_,"люди, жилье"
квартира,apartment,N.Fem.Inan,A1,"Golosa, MiP, LM, МН",3,квартира,Nom.Sing,"Моя квартира маленькая, но уютная.",This apartment is small but cozy.,_,"люди, жилье"
век,century,N.Masc.Inan,A1,"MiP, МН, Поехали",1,века,Gen.Sing,Это здание восемнадцатого века.,This building is from the 18th century.,_,"мера, время"
век,century,N.Masc.Inan,A1,"MiP, МН, Поехали",2,в,Gen.Sing,_,_,_,"мера, время"
век,century,N.Masc.Inan,A1,"MiP, МН, Поехали",3,веков,Gen.Plur,В течение многих веков люди жили без электричества.,For many centuries people lived without electricity.,_,"мера, время"
страница,page,N.Fem.Inan,A1,"MiP, МН",1,с,Nom.Sing,Первая страница в этой книге — пустая.,The first page of this book is blank.,_,"мера, учеба/работа"
страница,page,N.Fem.Inan,A1,"MiP, МН",2,страниц,Gen.Plur,В этой книге 200 страниц.,There are 200 pages in this book.,_,"мера, учеба/работа"
страница,page,N.Fem.Inan,A1,"MiP, МН",3,страницах,Loc.Plur,На последних страницах журнала напечатана моя статья.,My article is printed on the last pages of the journal.,_,"мера, учеба/работа"
ехать,go/drive,V,A1,"Golosa, MiP, LM, МН, Кс",1,ехать,Inf,"Уже поздно, нам пора ехать домой!","It’s late, time for us to go home!",_,путешествие
ехать,go/drive,V,A1,"Golosa, MiP, LM, МН, Кс",2,едет,Sing.3.Pres/Fut,Мальчик едет на велосипеде.,The boy is riding a bike.,_,путешествие
ехать,go/drive,V,A1,"Golosa, MiP, LM, МН, Кс",3,едем,Plur.1.Pres/Fut,Через неделю мы едем в Турцию.,In a week we’re going to Turkey.,_,путешествие
ждать,wait,V,A1,"MiP, LM, МН",1,ждёт,Sing.3.Pres/Fut,Меня ждет дома мама.,Mom is waiting for me at home.,_,"люди, время"
ждать,wait,V,A1,"MiP, LM, МН",2,ждать,Inf,"Я не люблю ждать тех, кто опаздывает.",I don't like waiting for people who are late.,_,"люди, время"
ждать,wait,V,A1,"MiP, LM, МН",3,ждали,Plur.Past,"Наш рейс задержали, и мы пять часов ждали вылета в аэропорту.","Our flight was delayed, we waited five hours in the airport for the departure.",_,"люди, время"
класс,class,N.Masc.Inan,A1,"Golosa, MiP, МН",1,класса,Gen.Sing,Мы дружим с первого класса.,We have been friends since first grade.,_,"люди, учеба/работа"
класс,class,N.Masc.Inan,A1,"Golosa, MiP, МН",2,класс,Nom.Sing,Наш класс не очень дружный: мы постоянно ссоримся.,Our class is not very friendly: we argue all lthe time.,_,"люди, учеба/работа"
класс,class,N.Masc.Inan,A1,"Golosa, MiP, МН",3,классе,Loc.Sing,В нашем классе 28 человек.,There are 28 people in our class.,_,"люди, учеба/работа"
свет,light/world,N.Masc.Inan,A1,МН,1,света,Gen.Sing,Пирамиды в Гизе — одно из семи чудес света.,Pyramids in Giza are one of the Seven Wonders of the world.,_,"люди, путешествие"
свет,light/world,N.Masc.Inan,A1,МН,2,свете,Loc.Sing,У меня лучшая мама на свете!,I have the best mom on Earth!,_,"люди, путешествие"
свет,light/world,N.Masc.Inan,A1,МН,3,свет,Nom.Sing,Свет Солнца доходит до Земли за 8 минут 19 секунд.,Solar light reaches Earth in 8 minutes and 19 seconds.,_,"люди, путешествие"
желать,wish,V,A1,"LM, МН",1,желаю,Sing.1.Pres/Fut,Я желаю вам счастья и любви!,I wish you happiness and love!,_,внутренний мир
желать,wish,V,A1,"LM, МН",2,желает,Sing.3.Pres/Fut,"Мы говорили ему пойти к врачу, но он не желает ничего слышать!","We told him to see doctor, but he doesn’t want to listen.",_,внутренний мир
желать,wish,V,A1,"LM, МН",3,желая,Pres/Fut,_,_,_,внутренний мир
ответ,answer/response,N.Masc.Inan,A1,МН,1,ответ,Acc.Sing,Я написала им письмо и теперь жду ответ.,I wrote them a letter and am now waiting for a response.,_,люди
ответ,answer/response,N.Masc.Inan,A1,МН,2,ответов,Gen.Plur,"Я задал много вопросов, но не получил на них ответов.",I asked many questions but didn’t get answers.,_,люди
ответ,answer/response,N.Masc.Inan,A1,МН,3,ответа,Gen.Sing,Он оставил мой вопрос без ответа.,He left my question unanswered.,_,люди
разный,different,A,A1,МН,1,разных,Gen.Plur,К нам приехали друзья из разных стран.,Friends from different countries came to see us.,_,мера
разный,different,A,A1,МН,2,разные,Nom.Plur,Все разные — все равные.,Everybody is different — everybody is equal.,_,мера
разный,different,A,A1,МН,3,разными,Ins.Plur,"Мы женаты, но живем под разными фамилиями.",We are married but live under different surnames.,_,мера
жить,live,V,A1,"Golosa, MiP, LM, МН",1,жить,Inf,Я хочу жить во Франции.,I want to live in France.,_,"время, люди"
жить,live,V,A1,"Golosa, MiP, LM, МН",2,живёт,Sing.3.Pres/Fut,Он живет в Лондоне.,He lives in London.,_,"время, люди"
жить,live,V,A1,"Golosa, MiP, LM, МН",3,жили,Plur.Past,Раньше мы жили в Санкт-Петербурге.,We used to live in Saint Petersburg.,_,"время, люди"
интересный,interesting,A,A1,"Golosa, MiP, LM, МН",1,интересно,Neut.Sing,С тобой интересно разговаривать.,It's interesting to talk to you.,_,описание
интересный,interesting,A,A1,"Golosa, MiP, LM, МН",2,интересная,Nom.Fem.Sing,Какая у тебя интересная жизнь!,You have such an interesting life!,_,описание
интересный,interesting,A,A1,"Golosa, MiP, LM, МН",3,интересное,Nom.Neut.Sing,Это интересное предложение. Я подумаю и перезвоню вам.,It’s an interesting suggestion. I’ll think about it and call you back.,_,описание
завтракать,have breakfast,V,A1,"Golosa, MiP, LM, МН",1,завтракать,Inf,Я люблю завтракать дома с семьей.,I like to have breakfast at home with my family.,_,еда
завтракать,have breakfast,V,A1,"Golosa, MiP, LM, МН",2,завтракал,Masc.Sing.Past,Во Франции я каждый день завтракал круассанами.,In France I ate croissants for breakfast every day.,_,еда
завтракать,have breakfast,V,A1,"Golosa, MiP, LM, МН",3,завтракали,Plur.Past,"11 утра, а мы еще не завтракали! Пойдем скорее есть!",It’s 11 AM and we haven’t had breakfast yet! Let’s go eat!,_,еда
месяц,month,N.Masc.Inan,A1,"Golosa, MiP, LM, МН",1,месяц,Acc.Sing,Через месяц мы поедем на море.,In one month we’ll travel to the seaside.,_,"мера, время"
месяц,month,N.Masc.Inan,A1,"Golosa, MiP, LM, МН",2,месяца,Gen.Sing,Я ничего не слышала от него уже три месяца. С ним всё в порядке?,I haven’t heard anything from him for 3 months already. Is he all right?,_,"мера, время"
месяц,month,N.Masc.Inan,A1,"Golosa, MiP, LM, МН",3,месяцев,Gen.Plur,Я работаю в этой компании уже 10 месяцев.,I’ve been working for this company for 10 months already.,_,"мера, время"
следующий,next/following,A,A1,"MiP, LM, МН",1,следующий,Inan.Acc.Masc.Sing,В следующий раз не забудь взять с собой паспорт!,Don’t forget to take your passport with you next time!,_,"мера, время"
следующий,next/following,A,A1,"MiP, LM, МН",2,следующим,Ins.Masc.Sing,Следующим летом мы полетим в Италию.,Next summer we fly to Italy.,_,"мера, время"
следующий,next/following,A,A1,"MiP, LM, МН",3,следующем,Loc.Masc.Sing,В следующем году мне исполнится 30 лет.,I turn 30 next year.,_,"мера, время"
звонить,call/ring,V,A1,"MiP, LM, МН",1,звонил,Masc.Sing.Past,"Пока вас не было, у вас звонил телефон.",Your phone was ringing while you were away.,_,"люди, общение"
звонить,call/ring,V,A1,"MiP, LM, МН",2,звонить,Inf,"Как хорошо, что вы пришли. Я уже собирался вам звонить.",So good that you came. I was just about to call you.,_,"люди, общение"
звонить,call/ring,V,A1,"MiP, LM, МН",3,звонит,Sing.3.Pres/Fut,"Он обещал позвонить сегодня, но почему-то не звонит.",He promised to call today but hasn’t called for some unknown reason.,_,"люди, общение"
минута,minute,N.Fem.Inan,A1,"MiP, LM, МН",1,минут,Gen.Plur,Спектакль начнется через 5 минут.,The show starts in 5 minutes.,_,"мера, время"
минута,minute,N.Fem.Inan,A1,"MiP, LM, МН",2,минуту,Acc.Sing,Дайте мне минуту! Я всё объясню.,Give me a minute! I’ll explain everything.,_,"мера, время"
минута,minute,N.Fem.Inan,A1,"MiP, LM, МН",3,минуты,Gen.Sing,Она придет через 3 минуты.,She will come in 3 minutes.,_,"мера, время"
вечер,evening,N.Masc.Inan,A1,"Golosa, MiP, LM, МН, Поехали",1,вечером,Ins.Sing,Пойдем в кино сегодня вечером?,Shall we go to the movie theater tonight?,_,"мера, время"
вечер,evening,N.Masc.Inan,A1,"Golosa, MiP, LM, МН, Поехали",2,вечера,Gen.Sing,Давайте подождем до вечера и потом будем звонить ему.,Let's wait until evening and then we’ll call him.,_,"мера, время"
вечер,evening,N.Masc.Inan,A1,"Golosa, MiP, LM, МН, Поехали",3,вечер,Acc.Sing,У нас большие планы на сегодняшний вечер!,We have big plans for this evening!,_,"мера, время"
имя,name,N.Neut.Inan,A1,"Golosa, MiP, МН",1,имя,Acc.Sing,"Назовите, пожалуйста, Ваше имя!",Tell me your name please!,_,люди
имя,name,N.Neut.Inan,A1,"Golosa, MiP, МН",2,имени,Gen.Sing,"Уважаемые пассажиры, от имени нашей авиакомпании желаю вам приятного полета!","Dear passengers, on behalf of our company I wish you a pleasant flight!",_,люди
имя,name,N.Neut.Inan,A1,"Golosa, MiP, МН",3,именем,Ins.Sing,"Никто не знает, какой художник скрывается под именем Бэнкси.",Nobody knows the artist who is hiding under Banksy’s name.,_,люди
молодой,young,A,A1,"Golosa, MiP, LM, МН",1,молодой,Nom.Masc.Sing,"Этот молодой человек показался мне знакомым, но я не могла вспомнить его имени.",This young man seemed familiar to me but I couldn’t recall his name.,_,"люди, мера, время"
молодой,young,A,A1,"Golosa, MiP, LM, МН",2,молодых,Gen.Plur,Для молодых исследователей в этом научном центре есть хорошие условия.,There are good conditions for young researchers in this scientific center.,_,"люди, мера, время"
молодой,young,A,A1,"Golosa, MiP, LM, МН",3,молодые,Nom.Plur,Молодые ученые собрались на конференцию в Милане.,Young scientists gathered for the conference in Milan.,_,"люди, мера, время"
здравствовать,_,V,A1,МН,1,здравствуйте,Imper.Plur.2,"Здравствуйте, уважаемые участники конференции!","Hello, dear conference participants!",_,"люди, общение"
здравствовать,_,V,A1,МН,2,здравствует,Sing.3.Pres/Fut,Да здравствует свобода!,Long live freedom!,_,"люди, общение"
здравствовать,_,V,A1,МН,3,здравствуй,Imper.Sing.2,"Здравствуй, Катя! Давно не виделись! Как твои дела?","Hi, Katya! Long time no see! How are you?",_,"люди, общение"
событие,event,N.Neut.Inan,A1,МН,1,событий,Gen.Plur,Мы будем следить за развитием событий.,We’ll keep on watching the development of events.,_,"люди, время"
событие,event,N.Neut.Inan,A1,МН,2,события,Nom.Plur,События последних дней меня сильно потрясли.,The events of last days really upset me.,_,"люди, время"
событие,event,N.Neut.Inan,A1,МН,3,событие,Nom.Sing,Полет человека в космос— большое событие для всего мира.,Human flight into outer space is a big event for the whole world.,_,"люди, время"
знать,know,V,A1,"Golosa, MiP, LM, МН",1,знаю,Sing.1.Pres/Fut,Я не знаю этого человека.,I don't know that person.,_,"внутренний мир, учеба/работа"
знать,know,V,A1,"Golosa, MiP, LM, МН",2,знаете,Plur.2.Pres/Fut,"Знаете ли вы, что Луна — спутник Земли?",Do you know that the Moon is a satellite of the Earth?,_,"внутренний мир, учеба/работа"
знать,know,V,A1,"Golosa, MiP, LM, МН",3,знает,Sing.3.Pres/Fut,Он много знает об истории России.,He knows a lot about Russian history.,_,"внутренний мир, учеба/работа"
ночь,night,N.Fem.Inan,A1,"Golosa, MiP, LM, МН",1,ночь,Acc.Sing,Мы были в клубе всю ночь.,We were in the club the whole night.,_,"мера, время"
ночь,night,N.Fem.Inan,A1,"Golosa, MiP, LM, МН",2,ночью,Ins.Sing,За полярным кругом ночью можно увидеть северное сияние.,It's possible to see the northern lights at night above the polar circle.,_,"мера, время"
ночь,night,N.Fem.Inan,A1,"Golosa, MiP, LM, МН",3,ночи,Gen.Sing,Наш самолет улетает в два часа ночи.,Our flight departss at 2 AM.,_,"мера, время"
машина,"car, mashine",N.Fem.Inan,A1,"Golosa, MiP, LM, МН",1,машину,Acc.Sing,"Садись в машину, нам пора ехать!","Get inside the car, it’s time to go!",_,"люди, путешествие"
машина,"car, mashine",N.Fem.Inan,A1,"Golosa, MiP, LM, МН",2,машины,Gen.Sing,За городом трудно жить без машины.,It's difficult to live outside the city without a car.,_,"люди, путешествие"
машина,"car, mashine",N.Fem.Inan,A1,"Golosa, MiP, LM, МН",3,машина,Nom.Sing,"Моя машина сломалась, нужно везти ее в ремонт.","My car broke down, I need to take it in for service.",_,"люди, путешествие"
играть,play,V,A1,"Golosa, MiP, LM, МН",1,играть,Inf,Я не умею играть в баскетбол.,I don't know how to play basketball.,_,"люди, свободное время"
играть,play,V,A1,"Golosa, MiP, LM, МН",2,играет,Sing.3.Pres/Fut,Мой брат играет на гитаре.,My brother plays the guitar.,_,"люди, свободное время"
играть,play,V,A1,"Golosa, MiP, LM, МН",3,играл,Masc.Sing.Past,"Роналду раньше играл за Реал Мадрид, а теперь играет за Ювентус.","Ronaldo used to play for Real Madrid, and now he plays for Juventus.",_,"люди, свободное время"
идти,go,V,A1,"Golosa, MiP, LM, МН, Кс",1,идёт,Sing.3.Pres/Fut,В сентябре моя дочь идет в школу.,My daughter starts school in September.,_,"люди, свободное время, погода"
идти,go,V,A1,"Golosa, MiP, LM, МН, Кс",2,идти,Inf,Я ударила ногу и не могу идти дальше.,I hit my leg and can’t walk further.,_,"люди, свободное время, погода"
идти,go,V,A1,"Golosa, MiP, LM, МН, Кс",3,шёл,Masc.Sing.Past,Вчера весь день шел дождь.,It was raining the whole day yesterday.,_,"люди, свободное время, погода"
мать,mother,N.Fem.Anim,A1,"Golosa, MiP, LM, МН",1,мать,Nom.Sing,Его мать — очень сильная женщина.,His mother is a very strong woman.,_,люди
мать,mother,N.Fem.Anim,A1,"Golosa, MiP, LM, МН",2,матери,Gen.Sing,В России обычно не празднуют День матери.,People don’t usually celebrate Mother’s day in Russia.,_,люди
мать,mother,N.Fem.Anim,A1,"Golosa, MiP, LM, МН",3,матерью,Ins.Sing,Он не разговаривает со своей матерью.,He doesn't talk to his mother.,_,люди
стол,table ,N.Masc.Inan,A1,"Golosa, MiP, LM, МН",1,столом,Ins.Sing,"Люблю, когда вся семья собирается за столом.",I like it when the whole family gathers around the table.,_,"еда, учеба/работа, жилье"
стол,table ,N.Masc.Inan,A1,"Golosa, MiP, LM, МН",2,стол,Acc.Sing,"Ужин готов, садитесь за стол!","Dinner is ready, sit down at the table!",_,"еда, учеба/работа, жилье"
стол,table ,N.Masc.Inan,A1,"Golosa, MiP, LM, МН",3,стола,Gen.Sing,"Пора было выходить из-за стола, но у меня не было сил.",It was time to go away from the table but I didn’t have energy.,_,"еда, учеба/работа, жилье"
цена,price,N.Fem.Inan,A1,"MiP, LM, МН",1,цена,Nom.Sing,"Мне нравится это платье, но его цена слишком высокая.",I like this dress but the price is too high.,_,мера
цена,price,N.Fem.Inan,A1,"MiP, LM, МН",2,цены,Nom.Plur,Цены в нашем магазине — самые низкие в городе.,The prices in our shop are the lowest in town.,_,мера
цена,price,N.Fem.Inan,A1,"MiP, LM, МН",3,цен,Gen.Plur,Мы были в шоке от цен на новые айфоны.,We were shocked from the prices for new iPhones.,_,мера
кончать,finish,V,A1,МН,1,кончает,Sing.3.Pres/Fut,Он кончает работать в восемь вечера.,He finishes work at 8 PM.,_,"мера, время"
кончать,finish,V,A1,МН,2,кончая,Pres/Fut,На праздник пришли все: начиная от рабочего и кончая директором.,Everybody came to the celebration: from workers to director.,_,"мера, время"
кончать,finish,V,A1,МН,3,кончали,Plur.Past,"К нам никаких вопросов быть не может, мы университетов не кончали.",There can’t be any questions addressed to us — we didn’t graduate from university.,_,"мера, время"
маленький,"little, small",A,A1,"Golosa, MiP, LM, МН",1,маленький,Nom.Masc.Sing,Этот маленький мальчик — мой брат.,This little boy is my brother.,_,мера
маленький,"little, small",A,A1,"Golosa, MiP, LM, МН",2,меньше,Comp,Луна меньше Земли.,The Moon is smaller than the Earth.,_,мера
маленький,"little, small",A,A1,"Golosa, MiP, LM, МН",3,маленькая,Nom.Fem.Sing,Эта маленькая девочка — моя сестра.,This little girl is my sister.,_,мера
дверь,door,N.Fem.Inan,A1,"Golosa, MiP, LM, МН",1,дверь,Acc.Sing,"Я услышал, как в дверь кто-то постучал.",I heard someone knock on the door.,_,жилье
дверь,door,N.Fem.Inan,A1,"Golosa, MiP, LM, МН",2,двери,Gen.Sing,Я услышала шаги возле двери.,I heard some steps behind the door.,_,жилье
дверь,door,N.Fem.Inan,A1,"Golosa, MiP, LM, МН",3,дверью,Ins.Sing,"За дверью стоял человек, но я не видел его лица.","There was someone behind the door, but I couldn’t see their face.",_,жилье
мама,"mother, mom",N.Fem.Anim,A1,"Golosa, MiP, LM, МН",1,мама,Nom.Sing,Кем работает твоя мама?,What job does your mom have?,_,люди
мама,"mother, mom",N.Fem.Anim,A1,"Golosa, MiP, LM, МН",2,мамы,Gen.Sing,Я люблю бывать у мамы на работе.,I like to visit my mom’s workplace.,_,люди
мама,"mother, mom",N.Fem.Anim,A1,"Golosa, MiP, LM, МН",3,маме,Dat.Sing,Только не рассказывайте это моей маме!,Please don’t tell that to my mom!,_,люди
центр,centre,N.Masc.Inan,A1,"MiP, LM, МН",1,центре,Loc.Sing,Давай встретимся в центре в восемь?,Let's meet in the city centre at eight o’clock?,_,путешествие
центр,centre,N.Masc.Inan,A1,"MiP, LM, МН",2,центра,Gen.Sing,Вечером так сложно выехать из центра — пробки!,It's so difficult to drive from the city centre in the evening — so much traffic!,_,путешествие
центр,centre,N.Masc.Inan,A1,"MiP, LM, МН",3,центр,Nom.Sing,Исторический центр города сохранился с XV века.,The historical centre of the city has been preserved since the 15th century.,_,путешествие
игра,game,N.Fem.Inan,A1,"Golosa, MiP, МН",1,игры,Gen.Sing,Он устал и выходит из игры.,He is tired and steps away from the game.,_,"люди, свободное время"
игра,game,N.Fem.Inan,A1,"Golosa, MiP, МН",2,игра,Nom.Sing,Что наша жизнь? Игра!,What ia our life? A game!,_,"люди, свободное время"
игра,game,N.Fem.Inan,A1,"Golosa, MiP, МН",3,игру,Acc.Sing,Кто-нибудь сыграет со мной в игру?,Will someone play this game with me?,_,"люди, свободное время"
банк,bank,N.Masc.Inan,A1,"Golosa, MiP, LM, МН, Поехали",1,банков,Gen.Plur,Во время экономического кризиса люди стали забирать свои деньги из банков.,During the economic crisis people started to take their money out of the banks.,_,учеба/работа
банк,bank,N.Masc.Inan,A1,"Golosa, MiP, LM, МН, Поехали",2,банка,Gen.Sing,Мне позвонили из банка — документы готовы!,I got a call from the bank — the documents are ready!,_,учеба/работа
банк,bank,N.Masc.Inan,A1,"Golosa, MiP, LM, МН, Поехали",3,банки,Nom.Plur,"После введения санкций, российские банки столкнулись с трудностями.","After sanctions were introduced, Russian banks faced difficulties.",_,учеба/работа
улица,street,N.Fem.Inan,A1,"Golosa, MiP, LM, МН",1,улице,Loc.Sing,"На улице дождь, не забудь взять зонт.","It's raining outside, don't forget to take an umbrella.",_,"путешествие, жилье"
улица,street,N.Fem.Inan,A1,"Golosa, MiP, LM, МН",2,улицу,Acc.Sing,"Я не хочу выходить на улицу, там дождь!","I don't want to go outside, it’s raining!",_,"путешествие, жилье"
улица,street,N.Fem.Inan,A1,"Golosa, MiP, LM, МН",3,улицы,Gen.Sing,На другой стороне улицы наш дом.,There's our house on the other side of the street.,_,"путешествие, жилье"
статья,article,N.Fem.Inan,A1,"Golosa, MiP, МН",1,статье,Loc.Sing,"В этой статье пишут про российскую экономику, надо почитать.","They write about the Russian economy in this article, I need to read it.",_,учеба/работа
статья,article,N.Fem.Inan,A1,"Golosa, MiP, МН",2,статья,Nom.Sing,Эта статья мне не нравится.,I don't like this article.,_,учеба/работа
статья,article,N.Fem.Inan,A1,"Golosa, MiP, МН",3,статьи,Gen.Sing,"Я ничего не понял из статьи по физике. Объясни мне, пожалуйста!","I did’t understand anything from that article on physics. Could you explain it to me, please?",_,учеба/работа
окно,window,N.Neut.Inan,A1,"Golosa, MiP, LM, МН",1,окна,Gen.Sing,Не высовывайся из окна! Упадешь!,Don't lean out the window! You can fall!,_,жилье
окно,window,N.Neut.Inan,A1,"Golosa, MiP, LM, МН",2,окно,Acc.Sing,Я люблю смотреть в окно по вечерам.,I like to stare out the window in the evening.,_,жилье
окно,window,N.Neut.Inan,A1,"Golosa, MiP, LM, МН",3,окном,Ins.Sing,"За окном зима, а дома тепло и уютно.","It's winter outside, but inside the house it’s warm and cozy.",_,жилье
продукт,product,N.Masc.Inan,A1,"LM, МН",1,продуктов,Gen.Plur,Я составил список продуктов на неделю.,I made a grocery list for the week.,_,"еда, магазин"
продукт,product,N.Masc.Inan,A1,"LM, МН",2,продукта,Gen.Sing,У нового продукта компании много достоинств.,The company's new product has many advantages.,_,"еда, магазин"
продукт,product,N.Masc.Inan,A1,"LM, МН",3,продукты,Nom.Plur,Мои любимые продукты — творог и сметана.,My favorite items are cottage cheese and sour cream.,_,"еда, магазин"
утро,morning,N.Neut.Inan,A1,"Golosa, MiP, LM, МН",1,утра,Gen.Sing,Я ничего не ел с утра и сейчас очень голоден.,I haven't eaten anything since this morning and now I’m very hungry.,_,"мера, время"
утро,morning,N.Neut.Inan,A1,"Golosa, MiP, LM, МН",2,утром,Ins.Sing,Утром я ездила в банк.,I went to the bank this morning.,_,"мера, время"
утро,morning,N.Neut.Inan,A1,"Golosa, MiP, LM, МН",3,утро,Acc.Sing,Под утро выпал снег.,It was snowing right before the morning came.,_,"мера, время"
купить,buy,V,A1,"Golosa, MiP, LM, МН",1,купить,Inf,Не забудь купить хлеб!,Don't forget to buy bread!,_,магазин
купить,buy,V,A1,"Golosa, MiP, LM, МН",2,купил,Masc.Sing.Past,Он купил себе новую машину.,He bought a new car for himself.,_,магазин
купить,buy,V,A1,"Golosa, MiP, LM, МН",3,купила,Fem.Sing.Past,Она купила себе новую машину.,She bought a new car for herself.,_,магазин
дорога,road,N.Fem.Inan,A1,"LM, МН",1,дороги,Gen.Sing,Вдоль дороги мы видели только лес.,We saw only forest along the road.,_,путешествие
дорога,road,N.Fem.Inan,A1,"LM, МН",2,дорогу,Acc.Sing,Переходите через дорогу только по светофору!,Cross the road only when the light is green!,_,путешествие
дорога,road,N.Fem.Inan,A1,"LM, МН",3,дороге,Dat.Sing,"Лось подошел близко к дороге, и мы смогли его сфотографировать.",The moose came close to the road and we managed to take a photo of it.,_,путешествие
курить,smoke,V,A1,"MiP, МН",1,курить,Inf,Он бросил курить 10 лет назад.,He quit smoking 10 years ago.,_,"люди, здоровье"
курить,smoke,V,A1,"MiP, МН",2,курил,Masc.Sing.Past,Я раньше много курил.,I used to smoke a lot.,_,"люди, здоровье"
курить,smoke,V,A1,"MiP, МН",3,курю,Sing.1.Pres/Fut,Я не курю.,I don't smoke.,_,"люди, здоровье"
река,river,N.Fem.Inan,A1,"MiP, LM, МН",1,реки,Gen.Sing,Этот город построили вдоль реки.,This city was built along the river.,_,путешествие
река,river,N.Fem.Inan,A1,"MiP, LM, МН",2,р,Gen.Sing,_,_,_,путешествие
река,river,N.Fem.Inan,A1,"MiP, LM, МН",3,реку,Acc.Sing,Нам нужен мост через реку.,We need a bridge across the river.,_,путешествие
лежать,lie,V,A1,"Golosa, MiP, LM, МН",1,лежит,Sing.3.Pres/Fut,Где лежит мой паспорт? Я не могу его найти.,Where is my passport? I can’t find it.,_,свободное время
лежать,lie,V,A1,"Golosa, MiP, LM, МН",2,лежал,Masc.Sing.Past,"В прошлый вторник я лежал на пляже, а сегодня должен работать.",Last Tuesday I was lying on the beach and today I have to work.,_,свободное время
лежать,lie,V,A1,"Golosa, MiP, LM, МН",3,лежат,Plur.3.Pres/Fut,Книги лежат на столе.,The books are lying on the table.,_,свободное время
поэт,poet,N.Masc.Anim,A1,"MiP, LM, МН",1,поэт,Nom.Sing,Пушкин — великий русский поэт.,Pushkin is a great Russian poet.,_,"люди, учеба/работа"
поэт,poet,N.Masc.Anim,A1,"MiP, LM, МН",2,поэта,Gen.Sing,Я люблю стихи этого поэта.,I like this poet's poems.,_,"люди, учеба/работа"
поэт,poet,N.Masc.Anim,A1,"MiP, LM, МН",3,поэту,Dat.Sing,В нашем городе есть памятник поэту XX века — Владимиру Маяковскому.,In our city there is a statue of the 20th century poet Vladimir Mayakovsky.,_,"люди, учеба/работа"
отец,father,N.Masc.Anim,A1,"LM, МН",1,отец,Nom.Sing,Этот человек — ее отец.,This person is her father.,_,люди
отец,father,N.Masc.Anim,A1,"LM, МН",2,отца,Gen.Sing,40% детей в России растут без отца.,40% of children in Russia grow up without a father.,_,люди
отец,father,N.Masc.Anim,A1,"LM, МН",3,отцом,Ins.Sing,Сложно ли быть отцом?,Is it difficult to be a father?,_,люди
комната,room,N.Fem.Inan,A1,"Golosa, MiP, LM, МН",1,комнату,Acc.Sing,"Пожалуйста, не заходите в мою комнату.","Please, don’t come in my room.",_,жилье
комната,room,N.Fem.Inan,A1,"Golosa, MiP, LM, МН",2,комнате,Loc.Sing,В этой комнате три окна.,There are 3 windows in this room.,_,жилье
комната,room,N.Fem.Inan,A1,"Golosa, MiP, LM, МН",3,комнаты,Gen.Sing,В углу комнаты стоял шкаф.,There was a table in the corner of the room.,_,жилье
любить,love,V,A1,"Golosa, MiP, LM, МН",1,люблю,Sing.1.Pres/Fut,Я люблю фильмы Вуди Аллена.,I like films by Woody Allen.,_,внутренний мир
любить,love,V,A1,"Golosa, MiP, LM, МН",2,любит,Sing.3.Pres/Fut,Вася любит Машу.,Vasya loves Masha.,_,внутренний мир
любить,love,V,A1,"Golosa, MiP, LM, МН",3,любил,Masc.Sing.Past,Ты когда-нибудь любил по-настоящему?,Have you ever truly loved somebody?,_,внутренний мир
картина,"painting, picture",N.Fem.Inan,A1,"LM, МН",1,картина,Nom.Sing,Моя любимая картина — «Подсолнухи» Ван Гога.,"My favorite painting is ""Sunflowers"" by Van Gogh.",_,"жилье, свободное время"
картина,"painting, picture",N.Fem.Inan,A1,"LM, МН",2,картину,Acc.Sing,Я хочу купить эту картину.,I want to buy this painting.,_,"жилье, свободное время"
картина,"painting, picture",N.Fem.Inan,A1,"LM, МН",3,картины,Gen.Sing,Я хочу купить раму для своей картины.,I want to buy a frame for my painting.,_,"жилье, свободное время"
жена,wife,N.Fem.Anim,A1,"Golosa, MiP, LM, МН",1,жена,Nom.Sing,_,_,_,люди
жена,wife,N.Fem.Anim,A1,"Golosa, MiP, LM, МН",2,женой,Ins.Sing,_,_,_,люди
жена,wife,N.Fem.Anim,A1,"Golosa, MiP, LM, МН",3,жены,Gen.Sing,_,_,_,люди
учитель,teacher,N.Masc.Anim,A1,"Golosa, MiP, МН",1,учитель,Nom.Sing,_,_,_,"люди, учеба/работа"
учитель,teacher,N.Masc.Anim,A1,"Golosa, MiP, МН",2,учителя,Nom.Plur,_,_,_,"люди, учеба/работа"
учитель,teacher,N.Masc.Anim,A1,"Golosa, MiP, МН",3,учителей,Gen.Plur,_,_,_,"люди, учеба/работа"
мечтать,dream ,V,A1,"MiP, МН, Кс",1,мечтала,Fem.Sing.Past,_,_,_,внутренний мир
мечтать,dream ,V,A1,"MiP, МН, Кс",2,мечтал,Masc.Sing.Past,_,_,_,внутренний мир
мечтать,dream ,V,A1,"MiP, МН, Кс",3,мечтает,Sing.3.Pres/Fut,_,_,_,внутренний мир
мочь,can,V,A1,"Golosa, MiP, LM, МН",1,может,Sing.3.Pres/Fut,_,_,_,"люди, свободное время"
мочь,can,V,A1,"Golosa, MiP, LM, МН",2,могут,Plur.3.Pres/Fut,_,_,_,"люди, свободное время"
мочь,can,V,A1,"Golosa, MiP, LM, МН",3,могу,Sing.1.Pres/Fut,_,_,_,"люди, свободное время"
черный,black,A,A1,"LM, МН",1,чёрных,Gen.Plur,_,_,_,описание
черный,black,A,A1,"LM, МН",2,чёрной,Gen.Fem.Sing,_,_,_,описание
черный,black,A,A1,"LM, МН",3,чёрными,Ins.Plur,_,_,_,описание
район,district,N.Masc.Inan,A1,"MiP, LM, МН",1,района,Gen.Sing,_,_,_,"путешествие, жилье"
район,district,N.Masc.Inan,A1,"MiP, LM, МН",2,районе,Loc.Sing,_,_,_,"путешествие, жилье"
район,district,N.Masc.Inan,A1,"MiP, LM, МН",3,районах,Loc.Plur,_,_,_,"путешествие, жилье"
любовь,love,N.Fem.Inan,A1,"LM, МН",1,любовь,Nom.Sing,_,_,_,"внутренний мир, люди"
любовь,love,N.Fem.Inan,A1,"LM, МН",2,любви,Gen.Sing,_,_,_,"внутренний мир, люди"
любовь,love,N.Fem.Inan,A1,"LM, МН",3,любовью,Ins.Sing,_,_,_,"внутренний мир, люди"
называться,be called,V,A1,"MiP, LM, МН",1,называется,Sing.3.Pres/Fut,_,_,_,описание
называться,be called,V,A1,"MiP, LM, МН",2,называются,Plur.3.Pres/Fut,_,_,_,описание
называться,be called,V,A1,"MiP, LM, МН",3,называлась,Fem.Sing.Past,_,_,_,описание
театр,theatre,N.Masc.Inan,A1,"Golosa, MiP, МН",1,театре,Loc.Sing,_,_,_,свободное время
театр,theatre,N.Masc.Inan,A1,"Golosa, MiP, МН",2,театра,Gen.Sing,_,_,_,свободное время
театр,theatre,N.Masc.Inan,A1,"Golosa, MiP, МН",3,театр,Nom.Sing,_,_,_,свободное время
неделя,week,N.Fem.Inan,A1,"Golosa, MiP, LM, МН",1,неделю,Acc.Sing,_,_,_,"мера, время"
неделя,week,N.Fem.Inan,A1,"Golosa, MiP, LM, МН",2,недели,Gen.Sing,_,_,_,"мера, время"
неделя,week,N.Fem.Inan,A1,"Golosa, MiP, LM, МН",3,неделе,Loc.Sing,_,_,_,"мера, время"
написать,_,A,A1,"Golosa, MiP, LM, МН",1,написано,Neut.Sing,_,_,_,"учеба/работа, люди"
написать,_,V,A1,"Golosa, MiP, LM, МН",2,написал,Masc.Sing.Past,_,_,_,"учеба/работа, люди, общение"
написать,_,V,A1,"Golosa, MiP, LM, МН",3,написать,Inf,_,_,_,"учеба/работа, люди, общение"
предмет,_,N.Masc.Inan,A1,"Golosa, MiP, LM, МН",1,предметов,Gen.Plur,_,_,_,учеба/работа
предмет,_,N.Masc.Inan,A1,"Golosa, MiP, LM, МН",2,предметы,Nom.Plur,_,_,_,учеба/работа
предмет,_,N.Masc.Inan,A1,"Golosa, MiP, LM, МН",3,предмет,Acc.Sing,_,_,_,учеба/работа
сын,_,N.Masc.Anim,A1,"Golosa, MiP, LM, МН",1,сын,Nom.Sing,_,_,_,люди
сын,_,N.Masc.Anim,A1,"Golosa, MiP, LM, МН",2,сына,Acc.Sing,_,_,_,люди
сын,_,N.Masc.Anim,A1,"Golosa, MiP, LM, МН",3,сыну,Dat.Sing,_,_,_,люди
литература,_,N.Fem.Inan,A1,"Golosa, MiP, LM, МН",1,литературы,Gen.Sing,_,_,_,"учеба/работа, свободное время"
литература,_,N.Fem.Inan,A1,"Golosa, MiP, LM, МН",2,литературе,Loc.Sing,_,_,_,"учеба/работа, свободное время"
литература,_,N.Fem.Inan,A1,"Golosa, MiP, LM, МН",3,литература,Nom.Sing,_,_,_,"учеба/работа, свободное время"
магазин,_,N.Masc.Inan,A1,"Golosa, MiP, LM, МН",1,магазина,Gen.Sing,_,_,_,магазин
магазин,_,N.Masc.Inan,A1,"Golosa, MiP, LM, МН",2,магазинах,Loc.Plur,_,_,_,магазин
магазин,_,N.Masc.Inan,A1,"Golosa, MiP, LM, МН",3,магазинов,Gen.Plur,_,_,_,магазин
настоящий,_,A,A1,"MiP, МН",1,настоящее,Inan.Acc.Neut.Sing,_,_,_,"время, описание"
настоящий,_,A,A1,"MiP, МН",2,настоящий,Nom.Masc.Sing,_,_,_,"время, описание"
настоящий,_,A,A1,"MiP, МН",3,настоящая,Nom.Fem.Sing,_,_,_,"время, описание"
смерть,_,N.Fem.Inan,A1,"Golosa, MiP, МН",1,смерти,Gen.Sing,_,_,_,"люди, время"
смерть,_,N.Fem.Inan,A1,"Golosa, MiP, МН",2,смерть,Nom.Sing,_,_,_,"люди, время"
смерть,_,N.Fem.Inan,A1,"Golosa, MiP, МН",3,смертью,Ins.Sing,_,_,_,"люди, время"
муж,_,N.Masc.Anim,A1,"Golosa, MiP, LM, МН",1,муж,Nom.Sing,_,_,_,люди
муж,_,N.Masc.Anim,A1,"Golosa, MiP, LM, МН",2,мужа,Gen.Sing,_,_,_,люди
муж,_,N.Masc.Anim,A1,"Golosa, MiP, LM, МН",3,мужем,Ins.Sing,_,_,_,люди
находиться,_,V,A1,"MiP, LM, МН",1,находится,Sing.3.Pres/Fut,_,_,_,"путешествие, жилье"
находиться,_,V,A1,"MiP, LM, МН",2,находятся,Plur.3.Pres/Fut,_,_,_,"путешествие, жилье"
находиться,_,V,A1,"MiP, LM, МН",3,находился,Masc.Sing.Past,_,_,_,"путешествие, жилье"
государственный,_,A,A1,"Golosa, MiP, МН",1,государственных,Gen.Plur,_,_,_,"учеба/работа, политика"
государственный,_,A,A1,"Golosa, MiP, МН",2,государственной,Gen.Fem.Sing,_,_,_,"учеба/работа, политика"
государственный,_,A,A1,"Golosa, MiP, МН",3,государственного,Gen.Masc.Sing,_,_,_,"учеба/работа, политика"
старый,_,A,A1,"Golosa, MiP, LM, МН",1,старых,Gen.Plur,_,_,_,"люди, мера, время"
старый,_,A,A1,"Golosa, MiP, LM, МН",2,старый,Nom.Masc.Sing,_,_,_,"люди, мера, время"
старый,_,A,A1,"Golosa, MiP, LM, МН",3,старая,Nom.Fem.Sing,_,_,_,"люди, мера, время"
нравиться,_,V,A1,"Golosa, MiP, LM, МН",1,нравится,Sing.3.Pres/Fut,_,_,_,внутренний мир
нравиться,_,V,A1,"Golosa, MiP, LM, МН",2,нравятся,Plur.3.Pres/Fut,_,_,_,внутренний мир
нравиться,_,V,A1,"Golosa, MiP, LM, МН",3,нравилось,Neut.Sing.Past,_,_,_,внутренний мир
современный,_,A,A1,"MiP, МН",1,современной,Gen.Fem.Sing,_,_,_,время
современный,_,A,A1,"MiP, МН",2,современных,Gen.Plur,_,_,_,время
современный,_,A,A1,"MiP, МН",3,современная,Nom.Fem.Sing,_,_,_,время
газета,_,N.Fem.Inan,A1,"Golosa, MiP, LM, МН",1,газеты,Gen.Sing,_,_,_,"свободное время, учеба/работа"
газета,_,N.Fem.Inan,A1,"Golosa, MiP, LM, МН",2,газет,Gen.Plur,_,_,_,"свободное время, учеба/работа"
газета,_,N.Fem.Inan,A1,"Golosa, MiP, LM, МН",3,газету,Acc.Sing,_,_,_,"свободное время, учеба/работа"
музыка,_,N.Fem.Inan,A1,"Golosa, MiP, LM, МН",1,музыка,Nom.Sing,_,_,_,свободное время
музыка,_,N.Fem.Inan,A1,"Golosa, MiP, LM, МН",2,музыку,Acc.Sing,_,_,_,свободное время
музыка,_,N.Fem.Inan,A1,"Golosa, MiP, LM, МН",3,музыки,Gen.Sing,_,_,_,свободное время
журнал,_,N.Masc.Inan,A1,"Golosa, MiP, LM, МН",1,журнала,Gen.Sing,_,_,_,"свободное время, учеба/работа"
журнал,_,N.Masc.Inan,A1,"Golosa, MiP, LM, МН",2,журнал,Acc.Sing,_,_,_,"свободное время, учеба/работа"
журнал,_,N.Masc.Inan,A1,"Golosa, MiP, LM, МН",3,журналов,Gen.Plur,_,_,_,"свободное время, учеба/работа"
экономика,_,N.Fem.Inan,A1,"Golosa, MiP, МН",1,экономики,Gen.Sing,_,_,_,учеба/работа
экономика,_,N.Fem.Inan,A1,"Golosa, MiP, МН",2,экономика,Nom.Sing,_,_,_,учеба/работа
экономика,_,N.Fem.Inan,A1,"Golosa, MiP, МН",3,экономике,Loc.Sing,_,_,_,учеба/работа
письмо,_,N.Neut.Inan,A1,"Golosa, MiP, LM, МН",1,письмо,Acc.Sing,_,_,_,"учеба/работа, люди"
письмо,_,N.Neut.Inan,A1,"Golosa, MiP, LM, МН",2,письма,Gen.Sing,_,_,_,"учеба/работа, люди"
письмо,_,N.Neut.Inan,A1,"Golosa, MiP, LM, МН",3,письме,Loc.Sing,_,_,_,"учеба/работа, люди"
дедушка,_,N.Masc.Anim,A1,"Golosa, MiP, LM, МН",1,дедушка,Nom.Sing,_,_,_,люди
дедушка,_,N.Masc.Anim,A1,"Golosa, MiP, LM, МН",2,дедушкой,Ins.Sing,_,_,_,люди
дедушка,_,N.Masc.Anim,A1,"Golosa, MiP, LM, МН",3,дедушки,Gen.Sing,_,_,_,люди
девушка,_,N.Fem.Anim,A1,"Golosa, MiP, LM, МН",1,девушка,Nom.Sing,_,_,_,люди
девушка,_,N.Fem.Anim,A1,"Golosa, MiP, LM, МН",2,девушки,Nom.Plur,_,_,_,люди
девушка,_,N.Fem.Anim,A1,"Golosa, MiP, LM, МН",3,девушку,Acc.Sing,_,_,_,люди
обедать,_,V,A1,"Golosa, MiP, LM, МН",1,обедать,Inf,_,_,_,еда
обедать,_,V,A1,"Golosa, MiP, LM, МН",2,обедали,Plur.Past,_,_,_,еда
обедать,_,V,A1,"Golosa, MiP, LM, МН",3,обедал,Masc.Sing.Past,_,_,_,еда
бабушка,_,N.Fem.Anim,A1,"Golosa, MiP, LM, МН, Поехали",1,бабушка,Nom.Sing,_,_,_,люди
бабушка,_,N.Fem.Anim,A1,"Golosa, MiP, LM, МН, Поехали",2,бабушки,Gen.Sing,_,_,_,люди
бабушка,_,N.Fem.Anim,A1,"Golosa, MiP, LM, МН, Поехали",3,бабушку,Acc.Sing,_,_,_,люди
стена,_,N.Fem.Inan,A1,"Golosa, MiP, МН",1,стене,Dat.Sing,_,_,_,жилье
стена,_,N.Fem.Inan,A1,"Golosa, MiP, МН",2,стенах,Loc.Plur,_,_,_,жилье
стена,_,N.Fem.Inan,A1,"Golosa, MiP, МН",3,стену,Acc.Sing,_,_,_,жилье
опаздывать,_,V,A1,"Golosa, MiP, МН",1,опаздывая,Pres/Fut,_,_,_,"время, учеба/работа"
опаздывать,_,V,A1,"Golosa, MiP, МН",2,опаздывают,Plur.3.Pres/Fut,_,_,_,"время, учеба/работа"
опаздывать,_,V,A1,"Golosa, MiP, МН",3,опаздывал,Masc.Sing.Past,_,_,_,"время, учеба/работа"
море,_,N.Neut.Inan,A1,"MiP, МН",1,моря,Gen.Sing,_,_,_,путешествие
море,_,N.Neut.Inan,A1,"MiP, МН",2,море,Nom.Sing,_,_,_,путешествие
море,_,N.Neut.Inan,A1,"MiP, МН",3,морю,Dat.Sing,_,_,_,путешествие
брат,_,N.Masc.Anim,A1,"Golosa, MiP, LM, МН, Поехали",1,брат,Nom.Sing,_,_,_,люди
брат,_,N.Masc.Anim,A1,"Golosa, MiP, LM, МН, Поехали",2,брата,Acc.Sing,_,_,_,люди
брат,_,N.Masc.Anim,A1,"Golosa, MiP, LM, МН, Поехали",3,братья,Nom.Plur,_,_,_,люди
отдыхать,_,V,A1,"Golosa, MiP, LM, МН",1,отдыхать,Inf,_,_,_,свободное время
отдыхать,_,V,A1,"Golosa, MiP, LM, МН",2,отдыхают,Plur.3.Pres/Fut,_,_,_,свободное время
отдыхать,_,V,A1,"Golosa, MiP, LM, МН",3,отдыхали,Plur.Past,_,_,_,свободное время
плохой,_,A,A1,"Golosa, MiP, LM, МН",1,хуже,Comp,_,_,_,описание
плохой,_,A,A1,"Golosa, MiP, LM, МН",2,плохо,Neut.Sing,_,_,_,описание
плохой,_,A,A1,"Golosa, MiP, LM, МН",3,плохого,Gen.Neut.Sing,_,_,_,описание
роман,_,N.Masc.Inan,A1,"Golosa, MiP, LM, МН",1,романа,Gen.Sing,_,_,_,"учеба/работа, свободное время"
роман,_,N.Masc.Inan,A1,"Golosa, MiP, LM, МН",2,роман,Nom.Sing,_,_,_,"учеба/работа, свободное время"
роман,_,N.Masc.Inan,A1,"Golosa, MiP, LM, МН",3,романе,Loc.Sing,_,_,_,"учеба/работа, свободное время"
петь,_,V,A1,"MiP, LM, МН",1,петь,Inf,_,_,_,"учеба/работа, свободное время"
петь,_,V,A1,"MiP, LM, МН",2,пели,Plur.Past,_,_,_,"учеба/работа, свободное время"
петь,_,V,A1,"MiP, LM, МН",3,поёт,Sing.3.Pres/Fut,_,_,_,"учеба/работа, свободное время"
писать,_,V,A1,"Golosa, MiP, LM, МН",1,писал,Masc.Sing.Past,_,_,_,"учеба/работа, люди, общение"
писать,_,V,A1,"Golosa, MiP, LM, МН",2,писать,Inf,_,_,_,"учеба/работа, люди, общение"
писать,_,V,A1,"Golosa, MiP, LM, МН",3,пишет,Sing.3.Pres/Fut,_,_,_,"учеба/работа, люди, общение"
